AMB92;TUSS;CH
28010086;40301184;15
28130030;40301192;15
28010205;40301230;27
28010221;40301249;40
28010230;40301257;40
28010248;40301265;40
28011490;40301273;150
28010256;40301281;14
28010264;40301320;30
28011503;40301346;100
28011678;40301354;80
28011678;40301362;80
28011651;40301370;70
28010671;40301745;150
28010272;40301389;17
28010299;40301397;15
28010329;40301400;14
28010337;40301419;40
28010345;40301427;14
28010353;40301435;150
28010361;40301460;20
28010370;40301478;40
28011660;40301486;300
28010400;40301494;25
28010426;40301508;25
28010434;40301516;25
28010450;40301524;25
28010442;40301532;25
28010469;40301559;14
28010485;40301567;30
28010493;40301583;30
28011511;40301591;40
28010507;40301605;14
28010531;40301621;20
28010540;40301630;14
28010566;40301664;100
28010558;40301648;50
28130162;40301672;100
28010604;40301680;65
28010620;40301699;40
28010639;40301702;40
28010663;40301737;100
28010655;40301729;30
28010698;40301753;70
28010736;40301761;40
28010710;40301770;40
28010728;40301788;40
28010744;40301800;150
28011481;40301818;50
28010752;40301826;150
28010760;40301834;150
28010809;40301842;18
28010868;40301893;55
28010876;40301915;20
28010884;40301923;15
28010892;40301931;14
28010906;40301940;20
28011554;40301958;45
28010914;40301966;14
28010957;40301990;20
28010965;40302016;67
28011562;40302032;30
28010973;40302040;14
28010981;40302059;30
28011015;40302067;40
28011023;40302733;45
28011031;40302083;20
28011040;40302105;40
28130243;40321207;15
28011058;40302148;27
28011570;40302164;80
28011082;40302199;15
28011090;40302636;10
28011112;40302229;20
28011120;40302237;16
28011589;40302644;80
28011597;40302652;20
28011139;40302660;15
28011163;40302261;27
28011643;40302679;30
28011180;40302270;30
28011104;40302750;70
28011201;40302300;18
28011210;40302318;14
28011236;40302334;150
28011600;40302377;14
28011244;40302385;15
28011252;40302407;14
28011619;40302415;80
28011279;40302423;14
28011317;40302440;18
28011627;40302466;100
28011333;40302474;150
28011325;40302482;90
28011368;40302504;14
28011376;40302512;14
28011384;40302520;60
28011392;40302547;20
28011783;40302571;200
28011414;40302580;14
28011422;40302598;10
28010701;40302628;80
28030222;40303012;60
28030133;40303020;15
28030010;40303039;50
28030044;40303047;10
28030052;40303187;14
28030060;40303055;20
28030079;40303195;10
28030087;40303063;14
28030095;40303071;10
28030109;40303080;10
28030117;40303098;10
28030125;40303101;10
28050428;40316017;165
28050096;40305040;40
28050100;40305058;53
28050118;40305066;53
28050134;40305074;35
28050126;40305082;40
28050517;40305112;60
28130413;40305120;110
28050010;40316033;100
28050029;40316041;210
28050037;40316050;125
28010213;40316068;125
28050045;40305163;100
28050061;40316076;160
28061683;40316092;80
28060156;40316106;105
31120059;40316114;70
28060229;40316122;190
28061624;40316149;150
28050070;40316165;225
28050088;40316173;100
28050843;40316181;150
28050142;40316190;75
28050819;40305210;150
28050169;40316203;90
28050177;40305228;360
28011538;40316734;100
28050185;40305236;240
28050215;40316211;105
28050231;40316220;160
28050835;40305287;100
28050240;40316246;100
28050258;40316254;110
28050274;40305597;40
28050304;40316262;100
28010795;40316270;125
28050312;40316289;65
28050320;40316297;100
28050444;40305589;67
28050762;40305627;215
28050509;40316432;110
28050797;40316440;200
28050525;40305635;125
28050223;40316459;110
28050827;40316467;85
28050878;40316475;55
28050789;40316483;195
28050720;40316491;85
28050770;40316505;150
28050690;40316513;105
28050703;40316521;85
28050800;40316530;140
28050711;40316548;65
28050738;40316556;65
28011449;40316572;85
28040040;40304027;40
28040031;40304035;93
28040058;40304043;135
28040082;40304051;40
28040090;40304060;80
28140095;40319016;20
28040112;40304795;20
28040120;40304094;50
28040139;40304922;60
28040155;40304108;20
28040988;40304884;40
28040406;40705030;50
28040163;40304116;27
28040171;40304817;27
28040198;40304132;10
28040376;40304310;10
28040392;40304329;14
28040384;40319113;10
28040414;40304337;10
28040430;40304353;40
28040473;40319130;14
28040422;40304345;10
28040481;40304361;30
28040490;40304370;10
28040503;40304388;10
28040520;40304418;10
28040546;40304434;30
28040554;40304892;100
28040589;40304450;66
28040597;40304469;27
28040600;40304477;14
28060377;40306666;67
28061640;40306674;100
28060385;40306704;50
28060393;40306712;50
28060407;40306747;40
28061306;40306755;50
28060415;40306763;14
28061063;40306771;150
28061446;40306780;140
28060466;40306810;27
28060458;40306828;20
28060474;40306836;53
28060482;40306844;20
28060148;40306852;30
28060504;40308030;20
28060512;40308049;27
28061055;40306887;300
28061772;40306895;80
28060105;40306933;100
28060113;40306941;120
28060067;40306950;100
28061195;40306968;120
28060075;40306976;100
28060237;40306984;100
28060083;40306992;80
28061659;40307026;200
28061160;40307050;200
28061373;40307085;100
28061381;40307093;120
28060814;40307590;20
28061420;40308090;50
28060261;40308413;20
28060849;40307638;20
28060873;40308383;15
28060865;40308391;67
28060911;40307697;60
28060903;40307700;120
28060946;40307719;27
28060520;40307735;30
28060989;40307751;27
28061004;40307760;20
28061578;40307794;60
28061578;40307808;60
28060962;40307824;60
28060970;40307832;35
28062361;40308162;67
28062388;40308170;83
28061519;40307859;150
28061519;40308197;150
28061012;40307867;20
28060881;40308200;40
28061527;40307875;700
28090098;40309118;90
28090098;40309126;90
28090055;40309177;10
28090179;40309142;250
49030213;40309169;50
28080025;40309517;10
28070054;40309444;60
